<?xml version="1.0" encoding="UTF-8" standalone="yes" ?>

<!-- Common gradle-enterprise.xml configuration for developers building locally -->

<gradleEnterprise
    xmlns="https://www.gradle.com/gradle-enterprise-maven" xmlns:xsi="http://www.w3.org/2001/XMLSchema-instance"
    xsi:schemaLocation="https://www.gradle.com/gradle-enterprise-maven https://www.gradle.com/schema/gradle-enterprise-maven.xsd">
  <server>
    <url>https://enterprise-samples.gradle.com</url>
  </server>
  <buildScan>
    <captureGoalInputFiles>true</captureGoalInputFiles>
  </buildScan>
  <buildCache>
    <local>
      <enabled>true</enabled>
    </local>
    <remote>
      <enabled>true</enabled>
      <storeEnabled>false</storeEnabled>
    </remote>
  </buildCache>
</gradleEnterprise>
